hashtag_count,engagement
0,35909
0,2408
0,5178
0,20014
0,32147
0,5261
0,42602
0,13178
0,3083
0,3099
0,5921
0,3841
0,48721
0,21213
0,9773
0,76707
0,2790
0,2467
0,5176
0,4996
0,25342
0,3575
0,27251
0,7842
0,3147
0,12283
0,10042
0,25887
0,19006
0,4665
0,33890
0,40177
0,35734
0,3121
0,9847
0,6114
0,9786
0,16167
0,26116
0,5160
0,131574
0,29481
0,5669
0,21851
0,2242
0,1973
0,3444
0,4704
0,33974
0,2321
0,8629
0,9667
0,6644
0,13831
0,34349
0,27043
0,53744
0,2753582
0,9796
0,4287
0,20975
0,10713
0,8672
0,6865
0,4291
0,2800
0,3379
0,3173
0,36842
0,4089
0,70322
0,1928
0,6450
0,21928
0,3971
0,2646
0,5865
0,156884
0,2118
0,34964
0,2782
0,52532
0,1708
0,5729
0,4074
0,9942
0,30173
0,960
0,3515
0,6199
0,5362
0,1881
0,5487
0,3845
0,4411
0,2946
0,4585
0,4393
0,558
0,4365
0,4032
0,3078
0,1589
0,1997
0,1164
0,1396
0,2432
0,759
0,151877
0,230518
0,115160
0,154095
0,179541
0,144911
0,438001
0,622415
0,7301
0,130888
0,4361
0,118563
0,118226
0,19278
0,205761
0,152820
0,195966
0,121342
0,133062
0,3202
0,4911
0,2610
0,47464
0,14563
0,22291
0,9310
0,15177
0,16113
0,2809
0,17852
0,31101
0,2643
0,32950
0,1572
0,85912
0,5678
0,37105
0,76341
0,31125
0,93057
0,142008
0,13735
0,7085
0,2171
0,3199
0,6910
0,7218
0,2102
0,3917
0,2420
0,3358
0,1791
0,3863
0,1922
0,5029
0,1966
0,3441
0,8126
0,24949
0,38979
0,1888
0,914
0,66514
0,3614
0,2927
0,8123
0,3532
0,2462
0,11032
0,67047
0,1750
0,82604
0,66695
0,47654
0,37996
0,26721
0,74244
0,40173
0,40569
0,31707
0,107458
0,1734
0,1755
0,12476
0,5526
0,1943
0,13789
0,64063
0,12659
0,12436
0,8494
0,15136
0,10826
0,3858
0,94283
0,44853
0,26044
0,18126
0,3045
0,989
0,40879
0,3738
0,2839
0,2097
0,25268
0,4296
0,1083
0,83962
0,20536
0,14210
0,19327
0,10763
0,16614
0,14003
0,28955
0,36486
0,10664
0,15306
0,14488
0,8998
0,17810
0,19078
0,17823
0,10729
0,12145
0,9494
0,19031
0,12479
0,23559
0,37917
0,1580
0,55764
0,92908
0,2346
0,1407
0,2089
0,11947
0,27919
0,5977
0,10530
0,3323
0,18198
0,20115
0,16880
0,11691
0,11383
0,13212
0,18369
0,3944
0,15667
0,36046
0,24559
0,22256
0,365
0,40492
0,18633
0,2838
0,12102
0,27502
0,5146
0,53278
0,177861
0,47584
0,44327
0,5753
0,69991
0,36116
0,158789
0,9368
0,32913
0,3341
0,18727
0,2828
0,2147
0,15418
0,16846
0,29900
0,23202
0,19221
0,3646
0,22841
0,3805
0,2670
0,2216
0,2461
0,2074
0,7947
0,2626
0,1445
0,2015
0,3220
0,9858
0,104800
0,509950
0,2163
0,29565
0,5085
0,2346
0,4279
0,4996
0,37892
0,3779
0,1822
0,34913
0,7607
0,23332
0,23600
0,6409
0,2833
0,5832
0,3591
0,4520
0,231220
0,3611
0,2456
0,453767
0,760090
0,2871
0,8480
0,13626
0,132180
0,1065
0,111616
0,47678
0,4068
0,8008
0,6798
0,116800
0,3525
0,101173
0,199797
0,3214
0,6337
0,7037
0,9800
0,288954
0,161791
0,1831
0,163
0,3450
0,108
0,9906
0,1995
0,63
0,2652
0,3876
0,1438
0,3127
0,399
0,3885
0,2832
0,12998
0,483
0,2829
0,8498
0,3287
0,2914
0,1888
0,575
0,923
0,1638
0,32519
0,6918
0,1890
0,50
0,13761
0,62
0,163
0,5345
0,2420
0,2038
0,2221
0,1472
0,76
0,1361
0,6203
0,1673
0,36077
0,3641
0,166
0,3123
0,735
0,818
0,5744
0,1469
0,306
0,620
0,1258
0,9971
0,730
0,9212
0,1107
0,3158
0,825
0,18849
0,1244
0,1303
0,974
0,3618
0,27052
0,671
0,101
0,25818
0,68
0,2346
0,78
0,670
0,2422
0,809
0,4528
0,3220
0,457
0,491
0,645
0,8606
0,399
0,295
0,1228
0,11478
0,749
0,679
0,10324
0,44390
0,7867
0,3046
0,22952
0,28605
0,24569
0,11401
0,3226
0,9051
0,8912
0,45702
0,1250
0,5359
0,3771
0,9403
0,7324
0,17233
0,213829
0,10609
0,10942
0,46619
0,7203
0,22615
0,24250
0,6135
0,27734
0,13244
0,15394
0,25565
0,34536
0,114971
0,9752
0,12120
0,21639
0,10227
0,36709
0,21814
0,31390
0,32016
0,17424
0,5778
0,4464
0,12972
0,166343
0,8153
0,71293
0,8919
0,11243
0,4128
0,12984
0,64479
0,24094
0,6084
0,10964
0,16330
0,29749
0,66664
0,29219
0,115337
0,134030
0,14457
0,14385
0,28537
0,13413
0,36228
0,215503
0,132434
0,226685
0,426332
0,274700
0,16581
0,57359
0,4606
0,117019
0,32775
0,2539
0,11819
0,21569
0,4646
0,5068
0,5372
0,4683
0,8154
0,6939
0,153636
0,8959
0,27343
0,1106
0,3035
0,1519
0,1877
0,1663
0,2817
0,1654
0,2680
0,1865
0,2439
0,1932
0,1438
0,2423
0,294052
0,959
0,121894
0,39472
0,2199
0,1743
0,1384
0,1407
0,1173
0,1845
0,3143
0,1370
0,1418
0,1374
0,1661
0,1708
0,89056
0,992
0,1249
0,1514
0,1190
0,1788
0,275
0,2907
0,1528
0,2075
0,1609
0,1303
0,1982
0,1713
0,125293
0,1268
0,670
0,26588
0,3746
0,231660
0,50944
0,3941
0,191460
0,3155
0,84231
0,217228
0,172809
0,144953
0,225514
0,63522
0,335165
0,5122
0,23614
0,793
0,1791
0,3325
0,50585
0,1507
0,1034
0,32862
0,2681
0,2141
0,1682
0,26729
0,164102
0,51212
0,137759
0,2107
0,1373
0,20421
0,121426
0,38342
0,115248
0,1530
0,7679
0,1175
0,842
0,187
0,281
0,19348
0,24262
0,2020
0,571
0,477
0,299
0,440
0,2800
0,7401
0,415
0,742
0,416
0,224
0,31407
0,442
0,230
0,3607
0,5504
0,5319
0,1284
0,7573
0,1482
0,1262
0,1233
0,1010
0,13533
0,1562
0,170
0,360
0,1276
0,736
0,3126
0,21417
0,3641
0,611
0,1321
0,992
0,909
0,2045
0,10729
0,5583
0,5572
0,10168
0,3981
0,3539
0,12058
0,6994
0,9439
0,4271
0,3828
0,113
0,4473
0,62970
0,26195
0,34906
0,798
0,1726
0,1409
0,6581
0,6680
0,10101
0,4027
0,6634
0,8345
0,1064
0,5793
0,477
0,4384
0,6538
0,6301
0,4109
0,11203
0,8491
0,607
0,8513
0,7660
0,4148
0,10140
0,6550
0,4310
0,3491
0,12833
0,7658
0,18409
0,10233
0,7718
0,4465
0,7625
0,7979
0,15031
0,2256
0,9413
0,27122
0,6324
0,8653
0,14122
0,28317
0,9909
0,10255
0,2913
0,18408
0,35294
0,20378
0,23916
0,67579
0,10973
0,12359
0,45319
0,39262
0,6772
0,124904
0,30672
0,48683
0,9255
0,46758
0,5381
0,26872
0,12785
0,15611
0,24655
0,22322
0,56569
0,13244
0,24966
0,3210
0,16140
0,5490
0,27251
0,7190
0,16576
0,79229
0,146781
0,7972
0,22746
0,25087
0,12322
0,21964
0,9471
0,31421
0,16607
0,5422
0,15518
0,18160
0,22349
0,5725
0,16522
0,22321
0,17088
0,11250
0,4321
0,10758
0,13890
0,7427
0,13053
0,8788
0,7720
0,5070
0,17765
0,41103
0,10437
0,7760
0,15490
0,1410
0,21176
0,15929
0,9632
0,23105
0,18017
0,11636
0,4047
0,21477
0,4941
0,3930
0,10327
0,3675
0,4977
0,5418
0,4133
0,3119
0,3728
0,7539
0,3302
0,6067
0,4933
0,2880
0,5171
0,2631
0,45394
0,11459
0,4288
0,13087
0,3140
0,45148
0,13781
0,46211
0,43589
0,37521
0,3622
0,2720
0,6483
0,20814
0,24134
0,4235
0,32398
0,56989
0,68897
0,6967
0,8371
0,29747
0,35105
0,10402
0,10618
0,11912
0,4206
0,20606
0,20107
0,12181
0,5035
0,2720
0,2414
0,44109
0,19883
0,3327
0,6423
0,5657
0,5516
0,15302
0,7601
0,10261
0,7060
0,4351
0,8794
0,5172
0,16954
0,520
0,13149
0,11328
0,5367
0,7800
0,39034
0,9591
0,9401
0,7361
0,2582
0,9518
0,5904
0,7841
0,5195
0,1366
0,22352
0,6228
0,18594
0,8272
0,6174
0,15270
0,7322
0,33204
0,44977
0,34637
0,93225
0,58447
0,38348
0,27772
0,50604
0,47764
0,66058
0,37289
0,42262
0,41894
0,27733
0,59868
0,747
0,497
0,32230
0,80795
0,23617
0,48396
0,68484
0,158189
0,61347
0,74624
0,53736
0,27071
0,99065
0,46268
0,21260
0,37679
0,39923
0,42402
0,60868
0,33267
0,85209
0,67978
0,38638
0,36402
0,45251
0,1239
0,56938
0,15706
0,16035
0,14860
0,16173
0,27359
0,57941
0,36546
0,15330
0,407
0,1716
0,2766
0,1308
0,2215
0,11736
0,420
0,905
0,397
0,2136
0,76700
0,177499
0,35065
0,27480
0,59109
0,10159
0,85543
0,113839
0,18044
0,55687
0,54987
0,34663
0,31452
0,23876
0,22861
0,73578
0,43207
0,52768
0,58283
0,30337
0,46053
0,57982
0,79089
0,16529
0,1230
0,1344
0,34758
0,32434
0,10164
0,13648
0,17854
0,167385
0,30258
0,999
0,806
0,1104
0,1431
0,1225
0,66779
0,705
0,1018
0,1165
0,815
0,6842
0,3646
0,21558
0,10625
0,3562
0,10044
0,14091
0,27741
0,7379
0,21474
0,13778
0,4313
0,902
0,15526
0,15332
0,13506
0,23541
0,7695
0,3985
0,3748
0,22269
0,6815
0,26392
0,1761
0,1002
0,677
0,1241
0,1095
0,954
0,1516
0,1215
0,1387
0,997
0,1682
0,1874
0,889
0,983
0,1328
0,1529
0,2413
0,694
0,1885
0,1501
0,3657
0,1014
0,852
0,1303
0,966
0,1530
0,1014
0,193821
0,917
0,1155
0,2307
0,2021
0,1291
0,1136
0,1112
0,916
0,1096
0,1247
0,2282
0,105684
0,44278
0,1135
0,4685
0,4863
0,4612
0,16763
0,5076
0,2082
0,4865
0,60829
0,3478
0,3835
0,10213
0,49792
0,895
0,1223
0,1835
0,1378
0,11426
0,7851
0,6574
0,1563
0,20486
0,52861
0,3124
0,4996
0,2310
0,19144
0,51881
0,11813
0,78569
0,4854
0,5031
0,28113
0,7929
0,17846
0,75001
0,4309
0,41039
0,3143
0,2170
0,33167
0,3389
0,33127
0,42956
0,29835
0,2789
0,1939
0,3388
0,2038
0,25454
0,2311
0,15987
0,8296
0,14317
0,1986
0,12738
0,22889
0,1157
0,34011
0,14395
0,2036
0,2000
0,11781
0,1434
0,20579
0,15863
0,17046
0,3024
0,15911
0,22311
0,3714
0,15159
0,7647
0,2842
0,19395
0,1939
0,11575
0,16432
0,16591
0,22910
0,1809
0,1901
0,13640
0,19957
0,2004
0,17796
0,1745
0,2702
0,3114
0,4915
0,4836
0,15158
0,19718
0,38329
0,4133
0,18399
0,27223
0,14517
0,33162
0,7792
0,19878
0,18448
0,21804
0,10849
0,11877
0,16680
0,38288
0,2277
0,4665
0,11690
0,21610
0,21841
0,12072
0,11210
0,15884
0,18484
0,22233
0,23251
0,12042
0,16803
0,21539
0,60048
0,13596
0,22741
0,23205
0,9939
0,8403
0,7243
0,36978
0,8697
0,13914
0,10525
0,14320
0,17256
0,17591
0,2981
0,2418
0,1912
0,1252
0,4409
0,29170
0,3193
0,76110
0,44909
0,3607
0,35138
0,2059
0,37735
0,8812
0,4116
0,24485
0,3214
0,4307
0,38919
0,37207
0,14674
0,11769
0,23057
0,13685
0,22249
0,16714
0,9855
0,17903
0,7997
0,18472
0,17549
0,19086
0,12920
0,25765
0,47949
0,75407
0,44733
0,3113
0,14456
0,18609
0,961
0,20793
0,2617
0,14702
0,33289
0,23849
0,4417
0,25751
0,19331
0,26403
0,47719
0,10964
0,964
0,1558
0,3991
0,31660
0,15023
0,3830
0,7670
0,94170
0,1842
0,23341
0,1543
0,39161
0,15637
0,34700
0,34495
0,9396
0,27545
0,37319
0,81402
0,2971
0,16244
0,49871
0,33784
0,11011
0,38974
0,55298
0,3375
0,22461
0,28143
0,41907
0,3040
0,4295
0,30111
0,2168
0,6430
0,4313
0,33241
0,4660
0,5340
0,3280
0,8377
0,4805
0,3101
0,33827
0,3078
0,3799
0,29616
0,4127
0,3945
0,9208
0,9109
0,6406
0,9218
0,4093
0,4753
0,2622
0,3077
0,4087
0,2901
0,31127
0,2720
0,8298
0,12677
0,16953
0,7698
0,2381
0,7437
0,2517
0,4516
0,2490
0,11681
0,9045
0,4213
0,16608
0,43767
0,9454
0,16740
0,4762
0,15248
0,19871
0,3939
0,27171
0,1901
0,12335
0,14914
0,2006
0,8894
0,10023
0,1883
0,22951
0,2210
0,12277
0,17205
0,2893
0,15217
0,2409
0,8713
0,2562
0,23110
0,1648
0,27132
0,1927
0,10428
0,15082
0,1756
0,1845
0,16655
0,12890
0,1181
0,28152
0,2290
0,15341
0,2109
0,9688
0,21211
0,2159
0,17578
0,11303
0,18718
0,50991
0,153185
0,44626
0,5241
0,52086
0,34299
0,30974
0,48833
0,26860
0,51561
0,46651
0,36091
0,92967
0,3814
0,13167
0,15054
0,24910
0,25877
0,7697
0,32343
0,44788
0,100806
0,2223
0,31417
0,19539
0,2052
0,27412
0,2407
0,11064
0,17783
0,24667
0,2929
0,15659
0,19327
0,22364
0,29628
0,50287
0,48532
0,18968
0,37768
0,26836
0,51656
0,45956
0,20956
0,5560
0,4539
0,145194
0,4719
0,9214
0,127404
0,13421
0,7369
0,14967
0,13804
0,9002
0,24854
0,176361
0,4137
0,187582
0,7992
0,95718
0,5555
0,77767
0,169126
0,7122
0,181537
0,296273
0,204913
0,378372
0,219590
0,167101
0,398253
0,235181
0,374241
0,314100
0,191538
0,295406
0,7360
0,2952
0,3881
0,5456
0,7299
0,5522
0,200391
0,39274
0,22935
0,472
0,16711
0,8937
0,149
0,54634
0,37519
0,1098
0,990
0,596
0,475
0,510
0,438
0,28192
0,427
0,31804
0,573
0,698
0,321
0,56618
0,48808
0,62661
0,136958
0,26657
0,27196
0,82789
0,28981
0,39384
0,83880
0,39761
0,37883
0,61522
0,59334
0,481
0,524
0,49827
0,877
0,38582
0,64643
0,363
0,484
0,186035
0,243687
0,25125
0,22823
0,25353
0,23657
0,41625
0,23910
0,36557
0,32358
0,29152
0,19052
0,21814
0,27174
0,22856
0,24903
0,70284
0,34538
0,19212
0,14256
0,28601
0,20172
0,22596
0,48387
0,6929
0,142146
0,874
0,566
0,1018
0,82658
0,494
0,43645
0,178
0,17992
0,20945
0,17774
0,31185
0,17206
0,62337
0,28618
0,23994
0,219182
0,10060
0,122430
0,90389
0,7583
0,32000
0,6764
0,7126
0,6435
0,5658
0,5619
0,6743
0,72662
0,5166
0,30950
0,278413
0,274832
0,218637
0,312502
0,216742
0,7014
0,92495
0,4935
0,4819
0,28438
0,64877
0,13
0,5919
0,7170
0,5574
0,54880
0,153898
0,111116
0,2779
0,9162
0,4911
0,5282
0,5021
0,5437
0,8536
0,7285
0,6886
0,37081
0,1667
0,19301
0,103452
0,22587
0,32578
0,67457
0,28148
0,10107
0,83143
0,25380
0,120545
0,7757
0,271131
0,733110
0,572743
0,564203
0,435417
0,276035
0,199924
0,66245
0,359242
0,29020
0,54659
0,65289
0,48265
0,9103
0,15222
0,72870
0,16732
0,31999
0,119505
0,33956
0,165479
0,78543
0,18358
0,71131
0,21806
0,50097
0,64765
0,64237
0,89928
0,81318
0,157373
0,161913
0,18760
0,3900
0,6060
0,173425
0,389104
0,332945
0,6288
0,318816
0,180683
0,336874
0,275501
0,5987
0,67105
0,17239
0,195182
0,459928
0,49591
0,6639
0,13550
0,231948
0,214123
0,36388
0,10893
0,164659
0,9620
0,142542
0,168598
0,170679
0,171167
0,8326
0,141229
0,194283
0,7642
0,178582
0,204789
0,8683
0,191325
0,207052
0,223919
0,28002
0,79846
0,63038
0,1617
0,3474
0,1910
0,1817
0,34416
0,49331
0,2146
0,3046
0,4083
0,21343
0,62574
0,106185
0,20616
0,21360
0,5166
0,26304
0,24286
0,3926
0,40997
0,4374
0,3408
0,591
0,520
0,34417
0,46983
0,18
0,525
0,502
0,3820
0,2740
0,2885
0,4320
0,1738
0,2252
0,53455
0,1288
0,2107
0,1670
0,5183
0,6300
0,32877
0,7674
0,18624
0,42764
0,10372
0,26236
0,17313
0,7217
0,31444
0,101814
0,40245
0,15783
0,82716
0,11118
0,20051
0,57322
0,3864
0,39261
0,23115
0,6630
0,18457
0,10411
0,25234
0,64264
0,12453
0,3445
0,96061
0,12341
0,52937
0,44294
0,35157
0,76115
0,27412
0,121028
0,29801
0,9178
0,60653
0,33613
0,8710
0,12874
0,8496
0,3415
0,732299
0,1094
0,1226
0,504926
0,4977
0,6459
0,6080
0,927
0,940
0,1170
0,705
0,974
0,467
0,321
0,408984
0,837
0,5349262
0,1049
0,860
0,6023
0,6155
0,2770
0,3779
0,4543
0,0
0,5676
0,2581
0,6173
0,720031
0,6167
0,7573
0,332003
0,6252
0,3171
0,6415
0,6080
0,5205
0,4265
0,3401
0,4227
0,5289
0,4312
0,636
0,5953
0,3243
0,904743
0,615660
0,1079824
0,1128534
0,921992
0,240816
0,1720133
0,84027
0,112664
0,181133
0,171228
0,159350
0,169826
0,114987
0,241313
0,213736
0,365656
0,1109901
0,4673
0,486569
0,1096017
0,874665
0,970010
0,341533
0,582390
0,1595520
0,515830
0,1069829
0,5323
0,1220269
0,869486
0,1141328
0,619858
0,763739
0,1131566
0,657093
0,645413
0,923908
0,154037
0,248691
0,386
0,56727
0,167102
0,1965167
0,166879
0,23230
0,74400
0,180604
0,17238
0,16403
0,57097
0,536452
0,23762
0,7883
0,21423
0,5868369
0,42496
0,14090
0,13511
0,11836
0,165
0,96537
0,143
0,1010994
0,179
0,609
0,621
0,130
0,244
0,184
0,370
0,223
0,160
0,18117
0,7331
0,48754
0,8949
0,885
0,871
0,1137
0,75734
0,345482
0,193
0,175
0,55188
0,44418
0,20670
0,64870
0,67102
0,40483
0,125760
0,18236
0,81572
0,94323
0,1414099
0,60797
0,18400
0,525334
0,41359
0,3429
0,59853
0,346204
0,187
0,22622
0,35272
0,218
0,29
0,185
0,134
0,191
0,202
0,200
0,279
0,690
0,287
0,258
0,213
0,242
0,20526
0,44434
0,83636
0,39113
0,25327
0,297318
0,136206
0,239980
0,359389
0,776409
0,538201
0,3484
0,68922
0,2853
0,2599
0,29726
0,5498
0,35229
0,100679
0,46734
0,64425
0,5478
0,4127
0,78671
0,84046
0,8528
0,58250
0,2689
0,255759
0,345451
0,152960
0,205831
0,324651
0,93624
0,304202
0,14002
0,381092
0,957572
0,35633
0,108197
0,726585
0,268343
0,928231
0,596387
0,421554
0,605780
0,4485
0,80755
0,3431
0,2519
0,957
0,3112
0,633
0,80844
0,527
0,41834
0,1430
0,427
0,1192
0,64904
0,106413
0,266
0,45236
0,106699
0,83867
0,403
0,61806
0,910
0,58877
0,68446
0,81497
0,534
0,3902
0,42812
0,3211
0,71372
0,3510
0,1567
0,898
0,67693
0,648
0,455
0,1482
0,56191
0,704
0,48326
0,484
0,1043
0,41434
0,398761
0,33018
0,624881
0,151340
0,60603
0,144529
0,301053
0,259283
0,144849
0,110196
0,121300
0,190721
0,67413
0,246989
0,184383
0,230895
0,288681
0,235662
0,198047
0,136422
0,109705
0,209491
0,470028
0,206973
0,121486
0,240153
0,251599
0,142968
0,172089
0,359326
0,137801
0,263465
0,176550
0,253228
0,334211
0,150904
0,217971
0,291101
0,193791
0,150932
0,196962
0,399937
0,159742
0,159401
0,174994
0,444516
0,145772
0,10255
0,249239
0,253305
0,160149
0,138091
0,145682
0,562563
0,88727
0,64616
0,34380
0,188181
0,311953
0,134394
0,55895
0,4127
0,240215
0,1917
0,316599
0,70706
0,198124
0,223881
0,323612
0,47395
0,171796
0,218047
0,153540
0,94764
0,503
0,2513
0,274979
0,139333
0,103473
0,233048
0,239035
0,143610
0,307781
0,153405
0,778745
0,204768
0,30378
0,204975
0,5791
0,74247
0,18454
0,16355
0,33529
0,88299
0,23256
0,37191
0,239
0,1658
0,45481
0,617
0,136
0,40976
0,74668
0,39460
0,24012
0,30142
0,3055
0,26157
0,48536
0,33633
0,25032
0,52063
0,58552
0,1990
0,57490
0,25201
0,109793
0,36250
0,40279
0,148646
0,112808
0,41270
0,1132
0,3909
0,83483
0,111370
0,39055
0,29920
0,24128
0,7582
0,1600
0,2660
0,23070
0,5789
0,61259
0,3451
0,5220
0,1740
0,4399
0,7814
0,5164
0,10219
0,3712
0,20546
0,65802
0,19171
0,43007
0,15893
0,647
0,36552
0,51348
0,130201
0,50277
0,102255
0,67234
0,69122
0,62596
0,97853
0,65772
0,42595
0,44952
0,34636
0,57109
0,81949
0,495276
0,48556
0,41892
0,34407
0,22922
0,31819
0,721
0,34294
0,43123
0,32912
0,58781
0,29526
0,4459
0,20920
0,39202
0,1442
0,27747
0,3244
0,21290
0,22443
0,34782
0,48898
0,26005
0,54507
0,31341
0,34025
0,59172
0,32087
0,75148
0,40585
0,29399
0,32765
0,35019
0,51377
0,34663
0,4481
0,28523
0,23200
0,21137
0,28775
0,2061
0,39833
0,25430
0,43180
0,39087
0,24510
0,32937
0,29862
0,36673
0,47011
0,18337
0,4112
0,126441
0,64020
0,66562
0,30731
0,12246
0,1100
0,82884
0,11044
0,26420
0,47531
0,38610
0,31970
0,15584
0,25382
0,25051
0,23126
0,32503
0,30486
0,43670
0,21958
0,12052
0,29188
0,53839
0,23699
0,27557
0,30150
0,79431
0,47796
0,79137
0,12050
0,913
0,15447
0,3868
0,6237
0,9976
0,2145
0,5362
0,2220
0,9773
0,2161
0,8791
0,1841
0,8474
0,13353
0,4039
0,7997
0,1170
0,2382
0,750
0,3789
0,3636
0,16809
0,10784
0,4280
0,1768
0,20363
0,5166
0,2243
0,2313
0,998
0,1724
0,19903
0,9986
0,14937
0,5279
0,6412
0,6198
0,10780
0,2399
0,10905
0,48373
0,13092
0,45793
0,24804
0,109287
0,109700
0,3929
0,11216
0,74157
0,12749
0,23038
0,1814
0,14727
0,7584
0,5571
0,7535
0,99697
0,905
0,119769
0,11175
0,15526
0,14837
0,30504
0,17065
0,27863
0,670
0,10515
0,10489
0,12841
0,6907
0,20020
0,13481
0,11174
0,9350
0,10697
0,10791
0,11349
0,1551
0,2612
0,14270
0,7
0,10438
0,1360
0,4267
0,2641
0,4361
0,12904
0,4600
0,12469
0,3397
0,12190
0,1323
0,3439
0,15829
0,7554
0,4357
0,4350
0,18425
0,8803
0,5799
0,5818
0,11850
0,44199
0,10460
0,37714
0,6279
0,9720
0,6450
0,8435
0,6671
0,554
0,5352
0,4687
0,1732
0,3052
0,9817
0,28100
0,14873
0,625
0,1686
0,2614
0,24182
0,3279
0,8931
0,12231
0,2474
0,5426
0,16263
0,5063
0,3595
0,1194
0,1097
0,4942
0,8877
0,492
0,19633
0,3762
0,9816
0,956
0,14358
0,23061
0,21293
0,3973
0,2957
0,12072
0,4282
0,18970
0,1175
0,10402
0,9910
0,2548
0,5354
0,4869
0,14116
0,7832
0,3556
0,8241
0,23309
0,27454
0,6082
0,9753
0,173187
0,61456
0,25178
0,16889
0,26935
0,10809
0,2062
0,43492
0,53934
0,42728
0,44413
0,46978
0,1274
0,21848
0,10704
0,1141
0,51782
0,53544
0,4244
0,2368
0,1332
0,67434
0,11154
0,2484
0,121274
0,4338
0,31779
0,1685
0,2347
0,37300
0,51923
0,46020
0,46298
0,59339
0,67922
0,89141
0,12335
0,59688
0,59412
0,166402
0,136297
0,11779
0,26044
0,47706
0,44202
0,45013
0,46538
0,63238
0,65649
0,50683
0,41512
0,46995
0,2877
0,1142
0,45525
0,44446
0,64880
0,2635
0,2098
0,3010
0,2590
0,1175
0,29167
0,1494
0,109744
0,18886
0,2370
0,11186
0,5142
0,2330
0,9657
0,43442
0,8916
0,59447
0,3153
0,7003
0,160900
0,132115
0,7810
0,106993
0,63106
0,222393
0,24396
0,188167
0,195601
0,108764
0,29058
0,26958
0,75909
0,11130
0,6766
0,149330
0,12202
0,39709
0,100086
0,90874
0,5553
0,57842
0,17438
0,95487
0,168724
0,11298
0,72913
0,177819
0,176617
0,8632
0,105256
0,193609
0,90323
0,174362
0,135686
0,6459
0,12468
0,7742
0,43849
0,7486
0,4093
0,8171
0,9385
0,13476
0,7413
0,21079
0,6532
0,23699
0,2173
0,3965
0,7502
0,1734
0,4720
0,29253
0,7866
0,2443
0,6648
0,13672
0,7768
0,13811
0,4965
0,51382
0,8354
0,5175
0,11761
0,8154
0,8278
0,2837
0,107431
0,1409
0,10163
0,1099
0,32863
0,4491
0,62225
0,122376
0,5612
0,50800
0,24073
0,64399
0,30872
0,44404
0,55186
0,47850
0,50778
0,45381
0,39321
0,76929
0,81614
0,58709
0,48400
0,56111
0,48731
0,66316
0,65155
0,6676
0,21231
0,67470
0,47874
0,46929
0,72160
0,71702
0,61688
0,49070
0,19199
0,3295
0,68817
0,18840
0,54448
0,24843
0,20627
0,44503
0,18379
0,27395
0,28191
0,9499
0,88644
0,60992
0,4824
0,36107
0,33944
0,53542
0,64726
0,51643
0,33690
0,32946
0,86419
0,34961
0,40226
0,44911
0,36902
0,68589
0,24619
0,52404
0,32228
0,41503
0,21166
0,50521
0,37049
0,61036
0,67185
0,40577
0,59318
0,43585
0,24984
0,34528
0,62810
0,48230
0,71952
0,42092
0,39645
0,47719
0,48146
0,36294
0,42550
0,19377
0,26717
0,61281
0,57449
0,52567
1,545
1,237
1,454
1,500
1,8522
1,1439
1,3945
1,970
1,557
1,3634
1,225
1,3308
1,4529
1,536
1,2411
1,6190
1,8824
1,616
1,47477
1,592
1,490
1,9090
1,242
1,569
1,2407
1,241
1,853
1,483
1,3844
1,3207
1,7025
1,467
1,5693
1,3124
1,2994
1,67
1,4607
1,3419
1,5958
1,475
1,584
1,505
1,484
1,451
1,6045
1,537
1,19034
1,23445
1,2974
1,139856
1,6717
1,34700
1,8854
1,5946
1,42943
1,1883
1,13211
1,76153
1,4993
1,66146
1,51433
1,4207
1,105009
1,65121
1,8985
1,19364
1,5479
1,14306
1,2740
1,14618
1,10070
1,16678
1,3033
1,15594
1,88303
1,18845
1,3682
1,6923
1,744
1,2458
1,121762
1,7140
1,2309
1,4299
1,11393
1,250
1,108488
1,307945
1,6310
1,31969
1,747
1,33340
1,1466
1,426
1,761
1,2604
1,4783
1,7788
1,1445
1,19802
1,571
1,60016
1,79179
1,55345
1,4331
1,9334
1,76146
1,43867
1,7263
1,14185
1,6020
1,4112
1,2676
1,7481
1,4453
1,141816
1,57859
1,3630
1,9955
1,3387
1,2233
1,1199
1,5502
1,440
1,3458
1,14931
1,40570
1,1482
1,11703
1,36006
1,2773
1,1148
1,24441
1,5520
1,31433
1,14965
1,21773
1,593
1,3141
1,11658
1,17687
1,4380
1,7798
1,3752
1,1800
1,4920
1,11463
1,5067
1,6650
1,7804
1,3708
1,1952
1,7446
1,197
1,5612
1,523
1,4335
1,11280
1,7179
1,5666
1,5690
1,5307
1,2105
1,4026
1,6280
1,6115
1,2594
1,12164
1,2676
1,6548
1,1577
1,9075
1,9410
1,9458
1,4963
1,4791
1,6338
1,6108
1,5219
1,10313
1,3784
1,9656
1,10404
1,15004
1,5309
1,3898
1,2151
1,5239
1,13580
1,5115
1,8345
1,9579
1,4745
1,2716
1,4810
1,4105
1,772
1,2005
1,5650
1,5139
1,4161
1,5417
1,4356
1,34972
1,9899
1,15557
1,9843
1,6471
1,3935
1,8687
1,9940
1,15704
1,9555
1,12081
1,29306
1,7563
1,3795
1,2532
1,8258
1,5681
1,4254
1,6180
1,5476
1,2400
1,271
1,4566
1,666
1,6884
1,23633
1,437
1,1430
1,5144
1,7117
1,2711
1,3652
1,102
1,57
1,15127
1,329
1,40413
1,305
1,96
1,923
1,1083
1,113
1,2032
1,14607
1,168
1,4266
1,12390
1,25599
1,34588
1,6047
1,136
1,25071
1,89
1,9840
1,1546
1,5165
1,7483
1,9197
1,424
1,9866
1,496
1,4194
1,9382
1,2580
1,4047
1,3756
1,5459
1,3547
1,5206
1,9147
1,12468
1,4144
1,5998
1,14823
1,6573
1,22160
1,2904
1,3143
1,10204
1,8799
1,4835
1,5905
1,1521
1,23664
1,3856
1,2602
1,2660
1,5410
1,1471
1,573
1,6047
1,249
1,7085
1,11266
1,8247
1,9128
1,2466
1,22653
1,5542
1,4399
1,309
1,6977
1,13889
1,36849
1,17325
1,49013
1,9942
1,1858
1,4265
1,7747
1,45832
1,5196
1,14425
1,36075
1,10579
1,707689
1,9057
1,1679
1,1613
1,17369
1,11557
1,17122
1,6597
1,14822
1,80264
1,29847
1,753647
1,7522
1,73471
1,1571
1,2713
1,14607
1,7838
1,14185
1,6835
1,24331
1,11779
1,5946
1,21404
1,30983
1,8861
1,9026
1,35638
1,1590
1,18921
1,828102
1,4564
1,19758
1,25316
1,2537
1,28143
1,26524
1,131488
1,1983
1,41669
1,63995
1,253609
1,207275
1,9084
1,6114
1,12392
1,28918
1,4184
1,2543
1,22648
1,5992
1,26270
1,32439
1,16690
1,9832
1,24106
1,23377
1,15152
1,107890
1,1184356
1,122581
1,11301
1,18705
1,484
1,32361
1,17191
1,12415
1,4547
1,17240
1,18126
1,14820
1,28275
1,13203
1,37056
1,6108
1,8332
1,11375
1,7099
1,98761
1,87418
1,126527
1,99468
1,1287
1,89617
1,16977
1,27896
1,11303
1,36860
1,18137
1,18087
1,27085
1,9703
1,9105
1,71933
1,8146
1,8597
1,3683
1,24017
1,164944
1,126090
1,12269
1,95840
1,6941
1,18560
1,15653
1,44781
1,24362
1,34508
1,13328
1,34731
1,109547
1,32749
1,63079
1,83192
1,125598
1,170356
1,208447
1,16090
1,131923
1,215092
1,207465
1,124649
1,25233
1,149935
1,247694
1,182756
1,105101
1,1115
1,4555
1,18945
1,23986
1,31297
1,79711
1,26550
1,27034
1,39047
1,19478
1,51904
1,24088
1,3029
1,29518
1,68787
1,11780
1,36373
1,13850
1,20749
1,13729
1,25451
1,16184
1,1984389
1,9444
1,112131
1,10004
1,109122
1,81868
1,10645
1,78462
1,34874
1,28081
1,35089
1,44954
1,10850
1,11251
1,107311
1,26793
1,22264
1,7693
1,24837
1,84861
1,24523
1,21349
1,23019
1,61061
1,71672
1,30392
1,12556
1,31907
1,76724
1,50167
1,17565
1,1158744
1,1943
1,13362
1,25350
1,60379
1,14059
1,54717
1,5315
1,31990
1,30559
1,15180
1,27274
1,16375
1,42413
1,63268
1,27400
1,63692
1,27449
1,27522
1,136652
1,30530
1,3614814
1,21966
1,48016
1,70633
1,69440
1,47216
1,44212
1,13964
1,15226
1,91157
1,159018
1,77902
1,6150
1,140913
1,661640
1,51142
1,52231
1,573930
1,722284
1,17473
1,29919
1,16523
1,70383
1,17941
1,35981
1,102136
1,78534
1,29390
1,17582
1,18326
1,130783
1,146109
1,17773
1,43090
1,59009
1,80113
1,36859
1,62318
1,54737
1,144354
1,86894
1,29477
1,94820
1,31908
1,128544
1,40494
1,117026
1,36362
1,36806
1,50329
1,32174
1,81935
1,124000
1,73454
1,20662
1,239280
1,393974
1,119746
1,33134
1,162325
1,52279
1,105459
1,18577
1,45253
1,31558
1,146966
1,47915
1,35535
1,122142
1,8032
1,43940
1,58277
1,54828
1,5273
1,10342
1,33528
1,122101
1,71065
1,223226
1,47688
1,2542480
1,5383682
1,16496
1,4871
1,13091
1,50892
1,325343
1,43643
1,22194
1,1724
1,53340
1,893424
1,19027
1,871534
1,690006
1,5320
1,966
1,1931
1,31360
1,121577
1,30459
1,129426
1,371200
1,23920
1,1177648
1,39876
1,490284
1,27790
1,299838
1,910151
1,39030
1,2888436
1,38737
1,55908
1,1410
1,65684
1,31301
1,2391
1,1405854
1,98735
1,825
1,996360
1,4
1,2830608
1,21281
1,43143
1,24209
1,9440
1,30743
1,23399
1,44311
1,25829
1,117724
1,36771
1,429400
1,1552523
1,19098
1,43435
1,8727
1,69835
1,256100
1,96062
1,46885
1,88731
1,73188
1,4990
1,2594758
1,26896
1,91797
1,781053
1,18285
1,85268
1,26565
2,119442
2,54456
2,109381
2,96190
2,15123
2,58385
2,96854
2,3813
2,104900
2,145126
2,20349
2,131400
2,5728
2,103853
2,26840
2,16558
2,126382
2,3929
2,136800
2,13597
2,111158
2,138565
2,15586
2,15253
2,61726
2,22250
2,53223
2,20328
2,29035
2,7901
2,161476
2,37557
2,16481
2,1547
2,39417
2,3791
2,69252
2,40153
2,35937
2,9514
2,118234
2,56707
2,757769
2,415984
2,135844
2,114669
2,509021
2,1730197
2,195
2,434867
2,993
2,98585
2,828890
2,2438
2,180406
2,72858
2,114741
2,976474
2,286710
2,93032
2,348604
2,1268
2,97999
2,360
2,204506
2,398484
2,7399
2,85167
2,1611320
2,911366
2,2536
2,280717
2,28817
2,191426
2,35495
2,3650
2,2392
2,3723
2,90310
2,66218
2,118205
2,17537
2,7217
2,58482
2,42719
2,79679
2,4226
2,73540
2,4402
2,64423
2,3967
2,112766
2,6106
2,56741
2,86190
2,1365
2,18674
2,42987
2,43753
2,78999
2,53533
2,17717
2,36052
2,8752
2,6757
2,99538
2,169580
2,33064
2,2204
2,18357
2,18412
2,29401
2,343426
2,435824
2,14588
2,2347
2,127
2,25499
2,170
2,780731
2,83
2,58
2,3017
2,18383
2,10337
2,1897
2,9483
2,27656
2,100969
2,327979
2,353921
2,672505
2,27006
2,38468
2,3148
2,3411
2,5011
2,3110
2,4928
2,37579
2,88474
2,296
2,19620
2,986947
2,9091
2,5121
2,580077
2,4528
2,11732
2,4104
2,5478
2,46716
2,10092
2,346101
2,4527
2,679644
2,13918
2,903800
2,99700
2,2025
2,10153
2,3251
2,13173
2,63041
2,8104
2,9314
2,4937
2,13330
2,2043
2,18403
2,11543
2,11046
2,12014
2,2738
2,130
2,980
2,36959
2,59623
2,102798
2,992099
2,995490
2,44822
2,26099
2,99216
2,1432
2,1944
2,99506
2,30962
2,1294
2,19062
2,74657
2,644532
2,453094
2,1397
2,4831
2,357295
2,52977
2,755851
2,2332
2,4151238
2,289326
2,2869511
2,2476
2,7911
2,593207
2,355030
2,3078
2,45735
2,2186
2,2589
2,41264
2,17705
2,3411
2,400660
2,32893
2,349053
2,19331
2,6638
2,18000
2,17997
2,68210
2,32829
2,7418
2,2536
2,25985
2,15048
2,9206
2,1262
2,7640
2,528
2,38399
2,36926
2,8237
2,2520
2,18419
2,86052
2,37451
2,33951
2,949790
2,4248
2,338049
2,38951
2,121449
2,10155
2,70017
2,27689
2,94910
2,8574
2,38627
2,7768
2,25085
2,26166
2,115765
2,1596
2,77155
2,712436
2,484
2,54160
2,50745
2,317
2,78837
2,1161
2,831
2,599
2,425
2,613
2,51869
2,387
2,420
2,58816
2,24809
2,350
2,230816
2,50124
2,731
2,58868
2,42147
2,470
2,375
2,219
2,31831
2,285
2,693
2,404164
2,59533
2,176
2,562
2,235456
2,621
2,337
2,51938
2,584
2,456
2,8931
2,838
2,1778399
2,289
2,49596
2,46384
2,619747
2,23376
2,3034
2,3198
2,2693
2,3005
2,3474
2,2854
2,379
2,2287
2,47612
2,2897
2,438514
2,3123
2,345
2,3824
2,524249
2,266
2,1513
2,747
2,39294
2,42455
2,64437
2,338
2,2461
2,4397
2,3362
2,27840
2,68027
2,96626
2,47897
2,5459
2,48860
2,50157
2,26289
2,5632
2,7758
2,23855
2,33157
2,4708
2,9145
2,1367
2,2567
2,6979
2,51220
2,6931
2,27354
2,42171
2,38391
2,9363
2,12453
2,46583
2,21343
2,91169
2,19227
2,12960
2,4111
2,42419
2,70465
2,869
2,35743
2,13959
2,22429
2,4832
2,68883
2,72984
2,1788
2,5534
2,5942
2,12687
2,18734
2,4
2,3135
2,15438
2,2605
2,5210
2,6389
2,2862
2,4825
2,21646
2,4863
2,1842
2,17915
2,1483
2,12407
2,34372
2,12609
2,5540
2,15101
2,8828
2,38709
2,33237
2,5822
2,23605
2,63303
2,14182
2,8290
2,5951
2,35336
2,14529
2,77346
2,5719
2,52251
2,23520
2,4297
2,8858
2,47007
2,114468
2,55267
2,10894
2,20538
2,26021
2,13386
2,6295
2,8973
2,17140
2,7672
2,448464
2,7294
2,63671
2,8581
2,25529
2,6335
3,22216
3,88972
3,143116
3,63074
3,44791
3,73620
3,77801
3,4280
3,4112
3,5159
3,63649
3,87421
3,4383
3,108284
3,48262
3,4
3,237012
3,22346
3,8873
3,109487
3,91911
3,19968
3,78285
3,49235
3,65097
3,17031
3,22187
3,80441
3,70118
3,7033
3,69665
3,554
3,74731
3,18316
3,16186
3,3548
3,6529
3,66253
3,11724
3,151097
3,100116
3,16932
3,12626
3,36088
3,13516
3,28059
3,51611
3,71110
3,78594
3,11027
3,34017
3,22776
3,6636
3,8958
3,19103
3,148279
3,124972
3,9024
3,22063
3,27593
3,18254
3,803
3,26386
3,13869
3,15996
3,12126
3,50902
3,33981
3,78248
3,2207
3,1432
3,2983
3,12710
3,18155
3,8392
3,23576
3,18393
3,29564
3,40263
3,15711
3,13783
3,40230
3,40804
3,32365
3,35308
3,49803
3,15282
3,87668
3,10721
3,38035
3,19783
3,32696
3,341
3,8861
3,957
3,72286
3,370
3,516
3,1199
3,542
3,67512
3,48228
3,32359
3,17591
3,10132
3,1810
3,33202
3,43954
3,20904
3,20295
3,443
3,49807
3,14560
3,5443
3,9117
3,34009
3,8252
3,40439
3,9915
3,194952
3,371
3,72030
3,4328
3,13738
3,5197
3,79447
3,6617
3,157364
3,65026
3,133353
3,10797
3,11567
3,20904
3,15079
3,62818
3,10983
3,1443
3,79906
3,12235
3,2804
3,19963
3,924
3,28225
3,10965
3,477
3,16556
3,72174
3,64360
3,46494
3,2736
3,193526
3,69729
3,3671
3,186732
3,25890
3,3614
3,12331
3,122944
3,87235
3,51614
3,168584
3,80867
3,28088
3,201719
3,2513
3,1057343
3,24748
3,801
3,8713
3,30223
3,13121
3,14026
3,8740
3,15862
3,28806
3,57345
3,6525
3,31
3,12554
3,23252
3,34601
3,12688
3,24557
3,5288
3,2601641
3,7632
3,5561
3,24312
3,7022
3,8002
3,66532
3,5907
3,4898
3,54490
3,88545
3,6853
3,7931
3,63303
3,7906
3,6881
3,2624
3,3031
3,1267148
3,909955
3,10688
3,12377
3,7879
3,7974
3,383608
3,69984
3,5913
3,10880
3,59659
3,265308
3,5041
3,473208
3,91714
3,55153
3,71192
3,57768
3,304926
3,861817
3,478016
3,82430
3,60197
3,2613
3,373256
3,60016
3,46471
3,77190
3,75387
3,6365
3,71610
3,4309
3,5463
3,5745
3,7575
3,4378
3,4978
3,4153
3,3967
3,3170
3,13778
3,3359
3,421011
3,3253
3,1243153
3,394490
3,2332
3,3227
3,2243418
3,599934
3,3492
3,58604
3,75087
3,58324
3,3010
3,8639
3,15737
3,28548
3,26853
3,25975
3,20080
3,34598
3,2653
3,15433
3,35057
3,21436
3,15833
3,12064
3,25463
3,15626
3,19020
3,49399
3,16046
3,20516
3,26249
3,18611
3,38230
3,5849
3,2054
3,6142
3,35950
3,61528
3,4897
3,9458
3,88969
3,3727
3,2150
3,4555
3,4834
3,4743
3,3886
3,2545
3,5918
3,8110
3,39920
3,19627
3,24507
3,14906
3,5669
3,6589
3,27669
3,79706
3,10408
3,26561
3,16307
3,33574
3,3041
3,29405
3,3714
3,46510
3,51127
3,79021
3,51521
3,55801
3,70743
3,5747
3,6098
3,6006
3,21211
3,10396
3,6266
3,30151
3,13784
3,10264
3,2825
3,11797
3,2768
3,3832
3,5383
3,12381
3,11817
3,2696
3,13317
3,16230
3,11729
3,13858
3,6137
3,18690
3,23084
3,76089
3,1364420
3,2099465
3,134557
3,1047287
3,2224780
3,869591
3,206092
3,830512
3,6507
3,13475
3,280691
3,594079
3,39624
3,331821
3,86562
3,231507
3,825
3,639172
3,1845
3,69267
3,13298
3,158392
3,84236
3,5327141
3,312
3,355
3,67835
3,324611
3,77704
3,14300
3,51631
3,4194
3,58892
3,150981
3,75780
3,3028
3,89181
3,3161
3,45072
3,69175
3,70643
3,100720
3,95841
3,59147
3,51554
3,275
3,98150
3,558608
3,2996
3,92051
3,97981
3,4598
3,7127
3,4173
3,5475488
3,57596
3,4134
3,3468
3,68336
3,50016
3,9158
3,22471
3,1173681
3,532251
3,3465572
3,756429
3,3237
3,587
3,425746
3,222416
3,82942
3,42640
3,41170
3,3463
3,376262
3,677708
3,432153
3,861
3,99727
3,3519
3,216822
3,436487
4,136626
4,3724975
4,328468
4,22376
4,18131
4,7588
4,4166
4,362239
4,27913
4,9042
4,18529
4,5868
4,4205
4,838
4,149674
4,9986
4,229
4,21763
4,24509
4,26706
4,115593
4,993
4,452
4,203589
4,5920
4,392712
4,16604
4,13288
4,108854
4,183859
4,6657
4,50233
4,35429
4,16947
4,4089
4,74520
4,12136
4,82563
4,20924
4,9348
4,6069
4,32260
4,71930
4,26158
4,31841
4,50188
4,68809
4,14301
4,19840
4,5259
4,121270
4,87664
4,4599
4,36092
4,6542
4,52868
4,4966
4,29741
4,4915
4,11479
4,29128
4,11332
4,9208
4,10402
4,12425
4,17402
4,28193
4,119197
4,5569
4,50495
4,4358
4,79884
4,21535
4,5677
4,148768
4,30526
4,62019
4,17284
4,86948
4,3633
4,2772
4,12711
4,72911
4,5776
4,96894
4,101469
4,28067
4,20162
4,130267
4,7807
4,34782
4,102012
4,3879
4,20270
4,2584
4,113428
4,6179
4,33442
4,8070
4,21536
4,7824
4,102619
4,11077
4,18008
4,17303
4,136507
4,4383
4,89747
4,611
4,2527
4,4445
4,4937
4,6405
4,3632
4,169864
4,9140
4,4282
4,5990
4,291
4,1176870
4,3749
4,22278
4,1498
4,1080
4,5278
4,14167
4,3121
4,4061
4,37442
4,7578
4,320110
4,1618830
4,2414
4,4786
4,2221
4,5156
4,523344
4,62783
4,4896
4,18564
4,2382
4,5535
4,126780
4,5476
4,2823561
4,4978
4,21020
4,3484
4,374964
4,5070
4,4849
4,3984
4,809107
4,1044
4,1135
4,1164
4,1212
4,5473
4,512
4,1175
4,13565
4,622
4,6178
4,324378
4,8549
4,397329
4,10984
4,37655
4,823874
4,8947
4,5033
4,11712
4,473428
4,742
4,577406
4,650104
4,124
4,566019
4,4877
4,100239
4,3312
4,7434
4,72324
4,1741736
4,8429
4,8473
4,3093421
4,4265
4,28457
4,3561
4,1216594
4,32981
4,48421
4,49928
4,529658
4,4336
4,1723
4,130800
4,2995020
4,67347
4,426121
4,11360
4,5366
4,1208
4,71397
4,3410352
4,1892211
4,71011
4,723
4,2738
4,3661
4,777
4,7009
4,11135
4,1352
4,391047
4,62787
4,473
4,1030
4,1139217
4,5282
4,49534
4,2943506
4,72662
4,327
4,1557
4,6924
4,519228
4,9238
4,31962
4,3465
4,35421
4,610221
4,1051
4,1302
4,11878
4,586430
4,6073
4,1592
4,679
5,13453
5,3457
5,6019
5,5692
5,46517
5,37081
5,420516
5,54634
5,35558
5,75577
5,5308
5,8039
5,19489
5,2485087
5,3626
5,3133
5,15297
5,5367
5,16951
5,939
5,2491
5,2356
5,63915
5,8894
5,9673
5,57842
5,363
5,231
5,10634
5,405
5,14469
5,41314
5,9372
5,734883
5,393884
5,9393
5,11786
5,222
5,12730
5,3290
5,199
5,3889
5,2163
5,2636
5,2657
5,8495
5,8892
5,5810
5,3526
5,5773
5,18249
5,2361
5,1237
5,4800
5,5447
5,12709
5,211618
5,2067
5,4736
5,7971
5,8797
5,3361
5,2228
5,145996
5,5502
5,521888
5,67012
5,59963
5,256918
5,11657
5,11071
5,100646
5,181081
5,3688
5,4221
5,2915
5,17273
5,4176
5,1887
5,899
5,6266
5,460
5,24361
5,29281
5,201794
5,842
5,31341
5,35904
5,1026
5,498
5,465
5,1594
5,183
5,17588
5,15920
5,12358
5,15216
5,922
5,1781
5,43573
5,55857
5,24476
5,8670
5,2164
5,19206
5,13881
5,698
5,637
5,1098
5,246257
5,1500
5,14305
5,4065
5,11249
5,20233
5,126238
5,28894
5,14539
5,14380
5,6100
5,6045
5,5264
5,3192
5,726
5,10984
5,32660
5,3773
5,19364
5,3534
5,51069
5,893
5,10188
5,12061
5,11350
5,52488
5,5360
5,8760
5,7592
5,36837
5,550
5,931
5,16166
5,8641
5,999
5,988
6,2381
6,15411
6,10772
6,1271
6,6672
6,4071
6,128670
6,21715
6,8336
6,33679
6,22593
6,7166
6,70805
6,4165
6,4922
6,59689
6,18726
6,22796
6,10128
6,7268
6,344179
6,11133
6,13460
6,1294
6,5743
6,13227
6,90286
6,2583
6,72966
6,112946
6,34359
6,14635
6,197
6,15535
6,7258
6,15000
6,7937
6,111588
6,7915
6,3106
6,9810
6,1421
6,246748
6,33609
6,1299
6,23364
6,477596
6,6488
6,692
6,4168
6,2300
6,18389
6,15268
6,295
6,36758
6,11091
6,16993
6,23538
6,16317
6,18060
6,34443
6,2132
6,10238
6,2637
6,3700
6,16868
6,18483
6,12114
6,37698
6,468
6,42047
6,39383
6,617
6,19487
6,16214
6,27922
6,610
6,10821
6,685
6,53430
6,1119
6,2331
6,884
6,21962
6,69358
6,83860
6,37391
6,27925
6,65117
6,4245
6,580
6,337
6,131
6,63722
6,6976
6,16183
6,23247
7,171957
7,482
7,11912
7,681
7,79051
7,1177
7,467
7,838
7,107
7,1021
7,1116
7,616
7,707
7,4396
7,2888
7,13880
7,12233
7,266
7,3926
7,2118
7,3627
7,7770
7,5670
7,8595
7,3897
7,8519
7,420
7,6843
7,6905
7,4157
7,18389
7,16618
7,1141
7,5512
7,376
7,4206
7,9350
7,6219
7,20160
7,13976
7,401
7,11474
7,819
7,12539
7,3861
7,12862
7,19973
7,23367
7,7691
7,2708
7,20048
7,2782
7,704
7,11948
7,25358
7,21495
7,28013
7,31727
7,25447
7,1609
7,29004
7,9674
7,35627
7,28761
7,260
7,442
7,1205
7,5261
7,624
7,5648
7,296
7,2921
7,22833
7,28233
7,81225
7,391
7,10062
7,12950
7,4594
7,824
7,14538
7,44348
7,12990
7,17635
8,397
8,527
8,676
8,420
8,395
8,488
8,631
8,806
8,256
8,5404
8,826
8,410
8,422
8,541
8,1876
8,539
8,792
8,1113
8,758
8,14576
8,7112
8,329
8,553
8,30137
8,5462
8,478
8,34439
8,16557
8,71008
8,4016
8,60865
8,18504
8,12996
8,77587
8,4289
8,62264
8,3421
8,7685
8,66947
8,2591
8,42566
8,19024
8,13509
8,5210
8,817
8,25220
9,76806
9,44089
9,26988
9,19179
9,2161
9,22733
9,650
9,580
9,15055
9,15735
9,44212
9,8709
9,44950
9,616
9,34173
9,67598
9,14048
9,23478
9,17000
9,469
9,36274
9,10323
9,30040
9,1063
9,2179
9,29021
9,34572
9,3773
9,1044
9,18273
9,1142
9,25373
9,26404
9,32002
9,16079
9,10647
9,18874
9,19976
9,17516
9,22834
9,4092
9,877
9,291
9,1315
9,710
9,436
9,888
9,2614
9,894
9,19191
9,1012
9,27763
9,441
9,135509
9,2709
9,16661
9,366
9,517
9,983
9,88873
10,15707
10,493
10,637
10,29016
10,233
10,1355
10,1144
10,80818
10,6205
10,805
10,404
10,8973
10,6947
10,789
10,1684
10,49064
10,18536
10,213
10,128
10,565
10,85227
10,714
10,623
10,1402
10,407
10,2068
10,31550
10,434
10,2404
10,18810
10,683
10,19953
11,44519
11,740
11,1360
11,45899
11,273
11,1005
11,15223
11,12657
11,59
11,606
11,220
11,10050
11,18730
11,19493
11,1239
11,27049
11,561
11,851
11,609
12,280
12,1856
12,868
12,595
12,2658
12,921
12,15720
12,6020
12,6253
12,34677
12,489
12,1278
12,1226
12,1098
12,3588
12,602
13,14640
13,25876
13,12172
13,5554
13,315
13,23398
13,555
13,3061
13,1529
13,556
13,508
13,823
13,1021
13,360
13,18264
13,516
13,1838
13,58
13,601
13,754
14,1086
14,3002
14,687
14,68
14,4659
14,96
14,5576
14,3369
14,3507
14,18845
14,3879
14,2456
14,1173
14,170
14,1343
14,18951
14,685
14,645
14,317
14,389
14,322
14,176
14,562
14,1341
14,103
14,351
14,797
14,883
14,721
14,16269
14,94
14,32486
14,5008
14,13269
14,58
14,1696
14,10538
14,632
14,1626
14,172
14,348
14,748
14,6606
14,552
15,45970
15,872
15,30044
15,6248
15,6123
15,42614
15,23014
15,20182
15,19968
15,30514
15,56165
15,21206
15,32570
15,232
15,638
15,43383
15,98
15,797
15,101
15,10285
15,143
15,9819
15,24643
15,412
15,207
15,321
15,137
15,50198
15,16806
15,1034
15,2334
15,18695
15,23120
15,408
16,4844
16,5494
16,780
16,1373
16,464
16,1442
16,484
16,1697
16,560
16,291
16,470
16,468
16,1300
16,660
16,1136
16,1024
16,619
16,476
16,163
16,3536
16,627
16,521
16,467
16,1498
16,487
16,101
16,656
16,1011
16,196
16,438
16,1515
16,361
16,132
16,191
16,255
16,1201
16,4759
16,724
16,247
16,289
16,49
16,176
16,509
16,50
16,155
16,60
16,68
16,73
16,796
16,303
16,492
16,802
16,1435
16,384
16,723
16,433
16,344
16,17208
16,841
16,358
16,1653
16,24001
16,4661
16,12029
16,3619
17,105
17,5368
17,466
17,27139
17,433
17,71641
17,143
17,10239
17,297
17,16100
17,314
17,90
17,30344
17,297
17,72797
17,18822
17,681
17,790
17,22090
17,8854
17,55635
17,844
17,712
17,22640
17,56
17,468
17,605
17,86
17,266
17,248
17,1758
17,614
17,217
17,143
17,46903
17,290
17,525
17,3657
17,683
17,4017
17,480
17,50094
17,930
17,147
17,4649
17,53
17,26213
17,1011
17,46155
17,243
17,4297
17,267
17,555
17,306
17,1031
17,1882
17,792
18,590
18,2059
18,4483
18,1044
18,2482
18,78
18,890
18,173
18,133
18,477
18,337
18,299
18,681
18,537
18,477
18,408
18,800
18,436
18,665
18,756
18,315
18,461
18,58123
18,922
18,282
18,92
18,307
18,370
18,1407
18,766
18,674
18,12584
18,391
18,732
18,673
18,533
18,95
19,52
19,3448
19,344
19,675
19,1469
19,2307
19,3339
19,6721
19,225
19,3282
19,812
19,111
19,484
19,96
19,3789
19,319
19,3578
20,64
20,490
20,56
20,681
20,57
20,65
20,1152
20,137450
20,273
20,3943
20,1365
20,2095
20,1705
20,349
20,4839
20,2156
20,4423
20,1015
20,4001
20,1195
20,65
20,1328
20,506
20,497
20,327
20,401
20,178
20,596
20,1126
20,1016
20,850
20,882
20,59
20,1188
20,420
20,123
20,538
20,118
20,190
20,108
20,57
21,1291
21,255
21,2230
21,884
21,221
21,448
21,180
21,226
21,1715
21,82
21,944
21,426
21,1275
21,4633
21,158
21,241
21,871
21,1283
21,84
21,1458
21,754
22,3049
22,1355
22,716
22,79
22,103
22,69
22,232
22,305
22,512
22,564
22,452
22,767
22,607
22,1038
22,704
22,3398
22,682
22,376
22,199
22,309
22,1300
22,2467
22,1045
22,3924
22,3192
22,1134
22,857
22,4340
22,3846
22,3077
23,763
23,1144
23,2268
23,1265
23,1442
23,3155
23,1268
23,369
23,162
23,1282
23,192
23,284
23,967
23,329
23,236
23,292
23,732
23,125
23,179
23,1324
23,5018
23,1538
23,6333
23,6400
23,1543
23,929
23,473
23,5121
23,1441
23,6064
23,1328
24,1476
24,1392
24,2143
24,4520
24,1679
24,1132
24,1425
24,378
24,3208
24,1865
24,2717
24,1181
24,2942
24,107
24,3215
24,262
24,451
24,1024
24,202
25,198
25,82
25,1128
25,1509
25,753
25,927
25,60
25,1009
25,1410
25,1156
25,969
25,1227
25,4035
25,4462
25,3518
25,1067
25,2612
25,454
25,3046
25,1950
25,1125
25,935
25,3025
25,4102
26,57
26,768
26,962
26,987
26,1368
26,251
26,204
26,3302
26,1377
26,750
26,328
26,1982
26,3373
26,2969
26,6151
26,2580
26,2075
26,1164
26,3572
26,2985
26,562
26,3399
27,887
27,343
27,120
27,26914
27,1246
27,1353
27,4300
27,3115
27,1580
27,1233
27,1769
27,1770
27,2005
27,4382
27,904
28,227
28,5508
28,4805
28,104
28,5246
28,3575
28,1431
28,1224
28,5525
28,1279
28,4992
28,1395
28,6174
28,5495
28,2794
28,853
28,166
28,742
28,1098
28,4300
28,3024
28,4398
28,791
28,4454
29,1340
29,7232
29,1378
29,4785
29,2592
29,3144
29,2167
29,1304
29,403
29,220
29,4015
29,1643
29,2800
29,5354
29,792
29,4397
29,3277
29,4692
29,4398
29,833
29,7822
29,3096
29,3945
29,4814
29,11945
29,632
29,2229
29,3430
29,337
29,1677
29,1575
29,3488
29,5417
29,6730
30,2594
30,1649
30,3622
30,1481
30,2948
30,1652
30,2955
30,4484
30,2877
30,3080
30,1359
30,6894
30,2369
30,1318
30,2102
30,2783
30,2649
30,4489
30,3329
30,1838
30,252
30,539
30,2674
30,1557
30,3729
30,3016
30,6094
30,2874
30,1029
30,5825
30,5916
30,1148
30,2479
30,1805
30,5518
30,1126
30,1987
30,1647
30,1964
30,3655
30,5210
30,4977
30,2306
30,4362
30,5033
30,1308
30,2577
30,1260
30,2820
30,2004
30,2547
30,2027
30,3501
30,1879
30,2940
30,7254
30,3839
30,7979
30,2070
30,1731
30,1262
30,3094
30,3756
30,3265
30,2621
