day,posts
2021-04-29,69
2021-04-28,66
2021-04-27,77
2021-04-26,70
2021-04-25,72
2021-04-24,61
2021-04-22,82
2021-04-20,88
2021-04-19,96
2021-04-18,86
2021-04-17,65
2021-04-16,107
2021-04-15,93
2021-04-14,87
2021-04-13,94
2021-04-12,99
2021-04-11,96
2021-04-10,73
2021-04-09,96
2021-04-08,83
2021-04-07,91
2021-04-06,106
2021-04-05,104
2021-04-04,80
2021-04-03,77
2021-04-02,78
2021-03-31,110
2021-03-30,93
2021-03-29,101
2021-03-28,92
2021-03-27,78
2021-03-26,88
2021-03-25,100
2021-03-24,100
2021-03-23,98
2021-03-22,107
2021-03-21,89
2021-03-20,75
2021-03-18,95
2021-03-17,111
2021-03-16,100
2021-03-15,114
2021-03-14,89
2021-03-13,80
2021-03-12,86
2021-03-11,98
2021-03-10,113
2021-03-09,105
2021-03-08,121
2021-03-07,85
2021-03-06,78
2021-03-05,100
2021-03-04,91
2021-03-03,115
2021-03-02,103
2021-03-01,121
2021-04-21,71
2021-04-23,63
2021-04-01,94
2021-03-19,101
